-- phpMyAdmin SQL Dump
-- version 5.2.1
-- https://www.phpmyadmin.net/
--
-- Host: 127.0.0.1
-- Generation Time: Nov 28, 2023 at 04:08 PM
-- Server version: 10.4.32-MariaDB
-- PHP Version: 8.2.12

SET SQL_MODE = "NO_AUTO_VALUE_ON_ZERO";
START TRANSACTION;
SET time_zone = "+00:00";


/*!40101 SET @OLD_CHARACTER_SET_CLIENT=@@CHARACTER_SET_CLIENT */;
/*!40101 SET @OLD_CHARACTER_SET_RESULTS=@@CHARACTER_SET_RESULTS */;
/*!40101 SET @OLD_COLLATION_CONNECTION=@@COLLATION_CONNECTION */;
/*!40101 SET NAMES utf8mb4 */;

--
-- Database: `sgm`
--

-- --------------------------------------------------------

--
-- Table structure for table `diem`
--

CREATE TABLE `diem` (
  `DiemHeSo1` float(4,2) DEFAULT NULL,
  `DiemHeSo2` float(4,2) DEFAULT NULL,
  `DiemHeSo3` float(4,2) DEFAULT NULL,
  `MaHS` varchar(10) DEFAULT NULL,
  `MaMH` varchar(10) DEFAULT NULL
) ENGINE=InnoDB DEFAULT CHARSET=utf8mb4 COLLATE=utf8mb4_general_ci;

--
-- Dumping data for table `diem`
--

INSERT INTO `diem` (`DiemHeSo1`, `DiemHeSo2`, `DiemHeSo3`, `MaHS`, `MaMH`) VALUES
(7.30, 8.50, 9.00, 'HS001', 'TOAN'),
(8.50, 8.00, 7.30, 'HS001', 'NVAN'),
(7.30, 9.80, 7.50, 'HS001', 'AVAN'),
(7.30, 7.00, 9.50, 'HS001', 'VALY'),
(8.00, 9.30, 9.00, 'HS001', 'HOAH'),
(7.50, 7.50, 7.80, 'HS001', 'SINH'),
(8.30, 8.50, 9.00, 'HS001', 'GDCD'),
(7.30, 6.00, 7.80, 'HS001', 'LISU'),
(7.80, 7.50, 9.00, 'HS001', 'DILY'),
(8.50, 8.80, 9.30, 'HS001', 'GDQP'),
(8.00, 9.00, 9.00, 'HS001', 'TDUC'),
(7.60, 7.40, 6.90, 'HS002', 'TOAN'),
(6.80, 8.60, 7.60, 'HS002', 'NVAN'),
(7.30, 9.50, 7.20, 'HS002', 'AVAN'),
(8.30, 6.80, 6.80, 'HS002', 'VALY'),
(9.80, 7.60, 9.10, 'HS002', 'HOAH'),
(7.00, 9.70, 6.80, 'HS002', 'SINH'),
(6.80, 8.00, 7.50, 'HS002', 'GDCD'),
(7.30, 6.00, 7.80, 'HS002', 'LISU'),
(6.10, 6.80, 6.00, 'HS002', 'DILY'),
(9.60, 10.00, 9.50, 'HS002', 'GDQP'),
(8.10, 8.50, 8.80, 'HS002', 'TDUC'),
(9.00, 8.20, 7.50, 'HS003', 'TOAN'),
(8.20, 7.50, 8.00, 'HS003', 'NVAN'),
(7.50, 8.50, 8.20, 'HS003', 'AVAN'),
(6.50, 7.00, 8.80, 'HS003', 'VALY'),
(8.80, 8.00, 8.50, 'HS003', 'HOAH'),
(7.00, 7.50, 8.30, 'HS003', 'SINH'),
(8.50, 8.80, 8.00, 'HS003', 'GDCD'),
(7.80, 7.00, 7.50, 'HS003', 'LISU'),
(8.00, 8.50, 7.20, 'HS003', 'DILY'),
(8.90, 8.20, 8.50, 'HS003', 'GDQP'),
(9.20, 9.50, 9.00, 'HS003', 'TDUC'),
(7.20, 7.80, 6.50, 'HS004', 'TOAN'),
(8.00, 8.50, 7.00, 'HS004', 'NVAN'),
(7.50, 9.00, 7.80, 'HS004', 'AVAN'),
(7.80, 7.20, 7.20, 'HS004', 'VALY'),
(8.50, 7.80, 8.00, 'HS004', 'HOAH'),
(7.20, 8.00, 7.50, 'HS004', 'SINH'),
(8.00, 8.50, 7.80, 'HS004', 'GDCD'),
(7.00, 6.50, 7.00, 'HS004', 'LISU'),
(8.20, 7.80, 7.00, 'HS004', 'DILY'),
(8.50, 9.00, 8.80, 'HS004', 'GDQP'),
(9.00, 8.80, 8.50, 'HS004', 'TDUC'),
(8.50, 9.00, 8.20, 'HS005', 'TOAN'),
(7.20, 8.80, 7.50, 'HS005', 'NVAN'),
(8.00, 7.50, 8.50, 'HS005', 'AVAN'),
(8.50, 7.00, 8.00, 'HS005', 'VALY'),
(9.20, 8.50, 9.00, 'HS005', 'HOAH'),
(7.80, 8.20, 8.50, 'HS005', 'SINH'),
(8.20, 8.80, 7.00, 'HS005', 'GDCD'),
(7.50, 7.00, 8.20, 'HS005', 'LISU'),
(8.80, 7.50, 8.80, 'HS005', 'DILY'),
(9.00, 9.20, 9.50, 'HS005', 'GDQP'),
(8.50, 8.00, 8.80, 'HS005', 'TDUC'),
(NULL, NULL, NULL, 'HS006', 'TOAN'),
(NULL, NULL, NULL, 'HS006', 'NVAN'),
(NULL, NULL, NULL, 'HS006', 'AVAN'),
(NULL, NULL, NULL, 'HS006', 'VALY'),
(NULL, NULL, NULL, 'HS006', 'HOAH'),
(NULL, NULL, NULL, 'HS006', 'SINH'),
(NULL, NULL, NULL, 'HS006', 'GDCD'),
(NULL, NULL, NULL, 'HS006', 'LISU'),
(NULL, NULL, NULL, 'HS006', 'DILY'),
(NULL, NULL, NULL, 'HS006', 'GDQP'),
(NULL, NULL, NULL, 'HS006', 'TDUC'),
(NULL, NULL, NULL, 'HS007', 'TOAN'),
(NULL, NULL, NULL, 'HS007', 'NVAN'),
(NULL, NULL, NULL, 'HS007', 'AVAN'),
(NULL, NULL, NULL, 'HS007', 'VALY'),
(NULL, NULL, NULL, 'HS007', 'HOAH'),
(NULL, NULL, NULL, 'HS007', 'SINH'),
(NULL, NULL, NULL, 'HS007', 'GDCD'),
(NULL, NULL, NULL, 'HS007', 'LISU'),
(NULL, NULL, NULL, 'HS007', 'DILY'),
(NULL, NULL, NULL, 'HS007', 'GDQP'),
(NULL, NULL, NULL, 'HS007', 'TDUC'),
(NULL, NULL, NULL, 'HS008', 'TOAN'),
(NULL, NULL, NULL, 'HS008', 'NVAN'),
(NULL, NULL, NULL, 'HS008', 'AVAN'),
(NULL, NULL, NULL, 'HS008', 'VALY'),
(NULL, NULL, NULL, 'HS008', 'HOAH'),
(NULL, NULL, NULL, 'HS008', 'SINH'),
(NULL, NULL, NULL, 'HS008', 'GDCD'),
(NULL, NULL, NULL, 'HS008', 'LISU'),
(NULL, NULL, NULL, 'HS008', 'DILY'),
(NULL, NULL, NULL, 'HS008', 'GDQP'),
(NULL, NULL, NULL, 'HS008', 'TDUC'),
(NULL, NULL, NULL, 'HS009', 'TOAN'),
(NULL, NULL, NULL, 'HS009', 'NVAN'),
(NULL, NULL, NULL, 'HS009', 'AVAN'),
(NULL, NULL, NULL, 'HS009', 'VALY'),
(NULL, NULL, NULL, 'HS009', 'HOAH'),
(NULL, NULL, NULL, 'HS009', 'SINH'),
(NULL, NULL, NULL, 'HS009', 'GDCD'),
(NULL, NULL, NULL, 'HS009', 'LISU'),
(NULL, NULL, NULL, 'HS009', 'DILY'),
(NULL, NULL, NULL, 'HS009', 'GDQP'),
(NULL, NULL, NULL, 'HS009', 'TDUC'),
(NULL, NULL, NULL, 'HS010', 'TOAN'),
(NULL, NULL, NULL, 'HS010', 'NVAN'),
(NULL, NULL, NULL, 'HS010', 'AVAN'),
(NULL, NULL, NULL, 'HS010', 'VALY'),
(NULL, NULL, NULL, 'HS010', 'HOAH'),
(NULL, NULL, NULL, 'HS010', 'SINH'),
(NULL, NULL, NULL, 'HS010', 'GDCD'),
(NULL, NULL, NULL, 'HS010', 'LISU'),
(NULL, NULL, NULL, 'HS010', 'DILY'),
(NULL, NULL, NULL, 'HS010', 'GDQP'),
(NULL, NULL, NULL, 'HS010', 'TDUC'),
(NULL, NULL, NULL, 'HS011', 'TOAN'),
(NULL, NULL, NULL, 'HS011', 'NVAN'),
(NULL, NULL, NULL, 'HS011', 'AVAN'),
(NULL, NULL, NULL, 'HS011', 'VALY'),
(NULL, NULL, NULL, 'HS011', 'HOAH'),
(NULL, NULL, NULL, 'HS011', 'SINH'),
(NULL, NULL, NULL, 'HS011', 'GDCD'),
(NULL, NULL, NULL, 'HS011', 'LISU'),
(NULL, NULL, NULL, 'HS011', 'DILY'),
(NULL, NULL, NULL, 'HS011', 'GDQP'),
(NULL, NULL, NULL, 'HS011', 'TDUC'),
(NULL, NULL, NULL, 'HS012', 'TOAN'),
(NULL, NULL, NULL, 'HS012', 'NVAN'),
(NULL, NULL, NULL, 'HS012', 'AVAN'),
(NULL, NULL, NULL, 'HS012', 'VALY'),
(NULL, NULL, NULL, 'HS012', 'HOAH'),
(NULL, NULL, NULL, 'HS012', 'SINH'),
(NULL, NULL, NULL, 'HS012', 'GDCD'),
(NULL, NULL, NULL, 'HS012', 'LISU'),
(NULL, NULL, NULL, 'HS012', 'DILY'),
(NULL, NULL, NULL, 'HS012', 'GDQP'),
(NULL, NULL, NULL, 'HS012', 'TDUC'),
(NULL, NULL, NULL, 'HS013', 'TOAN'),
(NULL, NULL, NULL, 'HS013', 'NVAN'),
(NULL, NULL, NULL, 'HS013', 'AVAN'),
(NULL, NULL, NULL, 'HS013', 'VALY'),
(NULL, NULL, NULL, 'HS013', 'HOAH'),
(NULL, NULL, NULL, 'HS013', 'SINH'),
(NULL, NULL, NULL, 'HS013', 'GDCD'),
(NULL, NULL, NULL, 'HS013', 'LISU'),
(NULL, NULL, NULL, 'HS013', 'DILY'),
(NULL, NULL, NULL, 'HS013', 'GDQP'),
(NULL, NULL, NULL, 'HS013', 'TDUC'),
(NULL, NULL, NULL, 'HS014', 'TOAN'),
(NULL, NULL, NULL, 'HS014', 'NVAN'),
(NULL, NULL, NULL, 'HS014', 'AVAN'),
(NULL, NULL, NULL, 'HS014', 'VALY'),
(NULL, NULL, NULL, 'HS014', 'HOAH'),
(NULL, NULL, NULL, 'HS014', 'SINH'),
(NULL, NULL, NULL, 'HS014', 'GDCD'),
(NULL, NULL, NULL, 'HS014', 'LISU'),
(NULL, NULL, NULL, 'HS014', 'DILY'),
(NULL, NULL, NULL, 'HS014', 'GDQP'),
(NULL, NULL, NULL, 'HS014', 'TDUC'),
(NULL, NULL, NULL, 'HS015', 'TOAN'),
(NULL, NULL, NULL, 'HS015', 'NVAN'),
(NULL, NULL, NULL, 'HS015', 'AVAN'),
(NULL, NULL, NULL, 'HS015', 'VALY'),
(NULL, NULL, NULL, 'HS015', 'HOAH'),
(NULL, NULL, NULL, 'HS015', 'SINH'),
(NULL, NULL, NULL, 'HS015', 'GDCD'),
(NULL, NULL, NULL, 'HS015', 'LISU'),
(NULL, NULL, NULL, 'HS015', 'DILY'),
(NULL, NULL, NULL, 'HS015', 'GDQP'),
(NULL, NULL, NULL, 'HS015', 'TDUC'),
(NULL, NULL, NULL, 'HS016', 'TOAN'),
(NULL, NULL, NULL, 'HS016', 'NVAN'),
(NULL, NULL, NULL, 'HS016', 'AVAN'),
(NULL, NULL, NULL, 'HS016', 'VALY'),
(NULL, NULL, NULL, 'HS016', 'HOAH'),
(NULL, NULL, NULL, 'HS016', 'SINH'),
(NULL, NULL, NULL, 'HS016', 'GDCD'),
(NULL, NULL, NULL, 'HS016', 'LISU'),
(NULL, NULL, NULL, 'HS016', 'DILY'),
(NULL, NULL, NULL, 'HS016', 'GDQP'),
(NULL, NULL, NULL, 'HS016', 'TDUC'),
(NULL, NULL, NULL, 'HS017', 'TOAN'),
(NULL, NULL, NULL, 'HS017', 'NVAN'),
(NULL, NULL, NULL, 'HS017', 'AVAN'),
(NULL, NULL, NULL, 'HS017', 'VALY'),
(NULL, NULL, NULL, 'HS017', 'HOAH'),
(NULL, NULL, NULL, 'HS017', 'SINH'),
(NULL, NULL, NULL, 'HS017', 'GDCD'),
(NULL, NULL, NULL, 'HS017', 'LISU'),
(NULL, NULL, NULL, 'HS017', 'DILY'),
(NULL, NULL, NULL, 'HS017', 'GDQP'),
(NULL, NULL, NULL, 'HS017', 'TDUC'),
(NULL, NULL, NULL, 'HS018', 'TOAN'),
(NULL, NULL, NULL, 'HS018', 'NVAN'),
(NULL, NULL, NULL, 'HS018', 'AVAN'),
(NULL, NULL, NULL, 'HS018', 'VALY'),
(NULL, NULL, NULL, 'HS018', 'HOAH'),
(NULL, NULL, NULL, 'HS018', 'SINH'),
(NULL, NULL, NULL, 'HS018', 'GDCD'),
(NULL, NULL, NULL, 'HS018', 'LISU'),
(NULL, NULL, NULL, 'HS018', 'DILY'),
(NULL, NULL, NULL, 'HS018', 'GDQP'),
(NULL, NULL, NULL, 'HS018', 'TDUC'),
(NULL, NULL, NULL, 'HS019', 'TOAN'),
(NULL, NULL, NULL, 'HS019', 'NVAN'),
(NULL, NULL, NULL, 'HS019', 'AVAN'),
(NULL, NULL, NULL, 'HS019', 'VALY'),
(NULL, NULL, NULL, 'HS019', 'HOAH'),
(NULL, NULL, NULL, 'HS019', 'SINH'),
(NULL, NULL, NULL, 'HS019', 'GDCD'),
(NULL, NULL, NULL, 'HS019', 'LISU'),
(NULL, NULL, NULL, 'HS019', 'DILY'),
(NULL, NULL, NULL, 'HS019', 'GDQP'),
(NULL, NULL, NULL, 'HS019', 'TDUC'),
(NULL, NULL, NULL, 'HS020', 'TOAN'),
(NULL, NULL, NULL, 'HS020', 'NVAN'),
(NULL, NULL, NULL, 'HS020', 'AVAN'),
(NULL, NULL, NULL, 'HS020', 'VALY'),
(NULL, NULL, NULL, 'HS020', 'HOAH'),
(NULL, NULL, NULL, 'HS020', 'SINH'),
(NULL, NULL, NULL, 'HS020', 'GDCD'),
(NULL, NULL, NULL, 'HS020', 'LISU'),
(NULL, NULL, NULL, 'HS020', 'DILY'),
(NULL, NULL, NULL, 'HS020', 'GDQP'),
(NULL, NULL, NULL, 'HS020', 'TDUC'),
(NULL, NULL, NULL, 'HS021', 'TOAN'),
(NULL, NULL, NULL, 'HS021', 'NVAN'),
(NULL, NULL, NULL, 'HS021', 'AVAN'),
(NULL, NULL, NULL, 'HS021', 'VALY'),
(NULL, NULL, NULL, 'HS021', 'HOAH'),
(NULL, NULL, NULL, 'HS021', 'SINH'),
(NULL, NULL, NULL, 'HS021', 'GDCD'),
(NULL, NULL, NULL, 'HS021', 'LISU'),
(NULL, NULL, NULL, 'HS021', 'DILY'),
(NULL, NULL, NULL, 'HS021', 'GDQP'),
(NULL, NULL, NULL, 'HS021', 'TDUC'),
(NULL, NULL, NULL, 'HS022', 'TOAN'),
(NULL, NULL, NULL, 'HS022', 'NVAN'),
(NULL, NULL, NULL, 'HS022', 'AVAN'),
(NULL, NULL, NULL, 'HS022', 'VALY'),
(NULL, NULL, NULL, 'HS022', 'HOAH'),
(NULL, NULL, NULL, 'HS022', 'SINH'),
(NULL, NULL, NULL, 'HS022', 'GDCD'),
(NULL, NULL, NULL, 'HS022', 'LISU'),
(NULL, NULL, NULL, 'HS022', 'DILY'),
(NULL, NULL, NULL, 'HS022', 'GDQP'),
(NULL, NULL, NULL, 'HS022', 'TDUC'),
(NULL, NULL, NULL, 'HS023', 'TOAN'),
(NULL, NULL, NULL, 'HS023', 'NVAN'),
(NULL, NULL, NULL, 'HS023', 'AVAN'),
(NULL, NULL, NULL, 'HS023', 'VALY'),
(NULL, NULL, NULL, 'HS023', 'HOAH'),
(NULL, NULL, NULL, 'HS023', 'SINH'),
(NULL, NULL, NULL, 'HS023', 'GDCD'),
(NULL, NULL, NULL, 'HS023', 'LISU'),
(NULL, NULL, NULL, 'HS023', 'DILY'),
(NULL, NULL, NULL, 'HS023', 'GDQP'),
(NULL, NULL, NULL, 'HS023', 'TDUC'),
(NULL, NULL, NULL, 'HS024', 'TOAN'),
(NULL, NULL, NULL, 'HS024', 'NVAN'),
(NULL, NULL, NULL, 'HS024', 'AVAN'),
(NULL, NULL, NULL, 'HS024', 'VALY'),
(NULL, NULL, NULL, 'HS024', 'HOAH'),
(NULL, NULL, NULL, 'HS024', 'SINH'),
(NULL, NULL, NULL, 'HS024', 'GDCD'),
(NULL, NULL, NULL, 'HS024', 'LISU'),
(NULL, NULL, NULL, 'HS024', 'DILY'),
(NULL, NULL, NULL, 'HS024', 'GDQP'),
(NULL, NULL, NULL, 'HS024', 'TDUC'),
(NULL, NULL, NULL, 'HS025', 'TOAN'),
(NULL, NULL, NULL, 'HS025', 'NVAN'),
(NULL, NULL, NULL, 'HS025', 'AVAN'),
(NULL, NULL, NULL, 'HS025', 'VALY'),
(NULL, NULL, NULL, 'HS025', 'HOAH'),
(NULL, NULL, NULL, 'HS025', 'SINH'),
(NULL, NULL, NULL, 'HS025', 'GDCD'),
(NULL, NULL, NULL, 'HS025', 'LISU'),
(NULL, NULL, NULL, 'HS025', 'DILY'),
(NULL, NULL, NULL, 'HS025', 'GDQP'),
(NULL, NULL, NULL, 'HS025', 'TDUC'),
(NULL, NULL, NULL, 'HS026', 'TOAN'),
(NULL, NULL, NULL, 'HS026', 'NVAN'),
(NULL, NULL, NULL, 'HS026', 'AVAN'),
(NULL, NULL, NULL, 'HS026', 'VALY'),
(NULL, NULL, NULL, 'HS026', 'HOAH'),
(NULL, NULL, NULL, 'HS026', 'SINH'),
(NULL, NULL, NULL, 'HS026', 'GDCD'),
(NULL, NULL, NULL, 'HS026', 'LISU'),
(NULL, NULL, NULL, 'HS026', 'DILY'),
(NULL, NULL, NULL, 'HS026', 'GDQP'),
(NULL, NULL, NULL, 'HS026', 'TDUC'),
(NULL, NULL, NULL, 'HS027', 'TOAN'),
(NULL, NULL, NULL, 'HS027', 'NVAN'),
(NULL, NULL, NULL, 'HS027', 'AVAN'),
(NULL, NULL, NULL, 'HS027', 'VALY'),
(NULL, NULL, NULL, 'HS027', 'HOAH'),
(NULL, NULL, NULL, 'HS027', 'SINH'),
(NULL, NULL, NULL, 'HS027', 'GDCD'),
(NULL, NULL, NULL, 'HS027', 'LISU'),
(NULL, NULL, NULL, 'HS027', 'DILY'),
(NULL, NULL, NULL, 'HS027', 'GDQP'),
(NULL, NULL, NULL, 'HS027', 'TDUC'),
(NULL, NULL, NULL, 'HS028', 'TOAN'),
(NULL, NULL, NULL, 'HS028', 'NVAN'),
(NULL, NULL, NULL, 'HS028', 'AVAN'),
(NULL, NULL, NULL, 'HS028', 'VALY'),
(NULL, NULL, NULL, 'HS028', 'HOAH'),
(NULL, NULL, NULL, 'HS028', 'SINH'),
(NULL, NULL, NULL, 'HS028', 'GDCD'),
(NULL, NULL, NULL, 'HS028', 'LISU'),
(NULL, NULL, NULL, 'HS028', 'DILY'),
(NULL, NULL, NULL, 'HS028', 'GDQP'),
(NULL, NULL, NULL, 'HS028', 'TDUC'),
(NULL, NULL, NULL, 'HS029', 'TOAN'),
(NULL, NULL, NULL, 'HS029', 'NVAN'),
(NULL, NULL, NULL, 'HS029', 'AVAN'),
(NULL, NULL, NULL, 'HS029', 'VALY'),
(NULL, NULL, NULL, 'HS029', 'HOAH'),
(NULL, NULL, NULL, 'HS029', 'SINH'),
(NULL, NULL, NULL, 'HS029', 'GDCD'),
(NULL, NULL, NULL, 'HS029', 'LISU'),
(NULL, NULL, NULL, 'HS029', 'DILY'),
(NULL, NULL, NULL, 'HS029', 'GDQP'),
(NULL, NULL, NULL, 'HS029', 'TDUC'),
(NULL, NULL, NULL, 'HS030', 'TOAN'),
(NULL, NULL, NULL, 'HS030', 'NVAN'),
(NULL, NULL, NULL, 'HS030', 'AVAN'),
(NULL, NULL, NULL, 'HS030', 'VALY'),
(NULL, NULL, NULL, 'HS030', 'HOAH'),
(NULL, NULL, NULL, 'HS030', 'SINH'),
(NULL, NULL, NULL, 'HS030', 'GDCD'),
(NULL, NULL, NULL, 'HS030', 'LISU'),
(NULL, NULL, NULL, 'HS030', 'DILY'),
(NULL, NULL, NULL, 'HS030', 'GDQP'),
(NULL, NULL, NULL, 'HS030', 'TDUC'),
(NULL, NULL, NULL, 'HS031', 'TOAN'),
(NULL, NULL, NULL, 'HS031', 'NVAN'),
(NULL, NULL, NULL, 'HS031', 'AVAN'),
(NULL, NULL, NULL, 'HS031', 'VALY'),
(NULL, NULL, NULL, 'HS031', 'HOAH'),
(NULL, NULL, NULL, 'HS031', 'SINH'),
(NULL, NULL, NULL, 'HS031', 'GDCD'),
(NULL, NULL, NULL, 'HS031', 'LISU'),
(NULL, NULL, NULL, 'HS031', 'DILY'),
(NULL, NULL, NULL, 'HS031', 'GDQP'),
(NULL, NULL, NULL, 'HS031', 'TDUC'),
(NULL, NULL, NULL, 'HS032', 'TOAN'),
(NULL, NULL, NULL, 'HS032', 'NVAN'),
(NULL, NULL, NULL, 'HS032', 'AVAN'),
(NULL, NULL, NULL, 'HS032', 'VALY'),
(NULL, NULL, NULL, 'HS032', 'HOAH'),
(NULL, NULL, NULL, 'HS032', 'SINH'),
(NULL, NULL, NULL, 'HS032', 'GDCD'),
(NULL, NULL, NULL, 'HS032', 'LISU'),
(NULL, NULL, NULL, 'HS032', 'DILY'),
(NULL, NULL, NULL, 'HS032', 'GDQP'),
(NULL, NULL, NULL, 'HS032', 'TDUC'),
(NULL, NULL, NULL, 'HS033', 'TOAN'),
(NULL, NULL, NULL, 'HS033', 'NVAN'),
(NULL, NULL, NULL, 'HS033', 'AVAN'),
(NULL, NULL, NULL, 'HS033', 'VALY'),
(NULL, NULL, NULL, 'HS033', 'HOAH'),
(NULL, NULL, NULL, 'HS033', 'SINH'),
(NULL, NULL, NULL, 'HS033', 'GDCD'),
(NULL, NULL, NULL, 'HS033', 'LISU'),
(NULL, NULL, NULL, 'HS033', 'DILY'),
(NULL, NULL, NULL, 'HS033', 'GDQP'),
(NULL, NULL, NULL, 'HS033', 'TDUC'),
(NULL, NULL, NULL, 'HS034', 'TOAN'),
(NULL, NULL, NULL, 'HS034', 'NVAN'),
(NULL, NULL, NULL, 'HS034', 'AVAN'),
(NULL, NULL, NULL, 'HS034', 'VALY'),
(NULL, NULL, NULL, 'HS034', 'HOAH'),
(NULL, NULL, NULL, 'HS034', 'SINH'),
(NULL, NULL, NULL, 'HS034', 'GDCD'),
(NULL, NULL, NULL, 'HS034', 'LISU'),
(NULL, NULL, NULL, 'HS034', 'DILY'),
(NULL, NULL, NULL, 'HS034', 'GDQP'),
(NULL, NULL, NULL, 'HS034', 'TDUC'),
(NULL, NULL, NULL, 'HS035', 'TOAN'),
(NULL, NULL, NULL, 'HS035', 'NVAN'),
(NULL, NULL, NULL, 'HS035', 'AVAN'),
(NULL, NULL, NULL, 'HS035', 'VALY'),
(NULL, NULL, NULL, 'HS035', 'HOAH'),
(NULL, NULL, NULL, 'HS035', 'SINH'),
(NULL, NULL, NULL, 'HS035', 'GDCD'),
(NULL, NULL, NULL, 'HS035', 'LISU'),
(NULL, NULL, NULL, 'HS035', 'DILY'),
(NULL, NULL, NULL, 'HS035', 'GDQP'),
(NULL, NULL, NULL, 'HS035', 'TDUC'),
(NULL, NULL, NULL, 'HS036', 'TOAN'),
(NULL, NULL, NULL, 'HS036', 'NVAN'),
(NULL, NULL, NULL, 'HS036', 'AVAN'),
(NULL, NULL, NULL, 'HS036', 'VALY'),
(NULL, NULL, NULL, 'HS036', 'HOAH'),
(NULL, NULL, NULL, 'HS036', 'SINH'),
(NULL, NULL, NULL, 'HS036', 'GDCD'),
(NULL, NULL, NULL, 'HS036', 'LISU'),
(NULL, NULL, NULL, 'HS036', 'DILY'),
(NULL, NULL, NULL, 'HS036', 'GDQP'),
(NULL, NULL, NULL, 'HS036', 'TDUC'),
(NULL, NULL, NULL, 'HS037', 'TOAN'),
(NULL, NULL, NULL, 'HS037', 'NVAN'),
(NULL, NULL, NULL, 'HS037', 'AVAN'),
(NULL, NULL, NULL, 'HS037', 'VALY'),
(NULL, NULL, NULL, 'HS037', 'HOAH'),
(NULL, NULL, NULL, 'HS037', 'SINH'),
(NULL, NULL, NULL, 'HS037', 'GDCD'),
(NULL, NULL, NULL, 'HS037', 'LISU'),
(NULL, NULL, NULL, 'HS037', 'DILY'),
(NULL, NULL, NULL, 'HS037', 'GDQP'),
(NULL, NULL, NULL, 'HS037', 'TDUC'),
(NULL, NULL, NULL, 'HS038', 'TOAN'),
(NULL, NULL, NULL, 'HS038', 'NVAN'),
(NULL, NULL, NULL, 'HS038', 'AVAN'),
(NULL, NULL, NULL, 'HS038', 'VALY'),
(NULL, NULL, NULL, 'HS038', 'HOAH'),
(NULL, NULL, NULL, 'HS038', 'SINH'),
(NULL, NULL, NULL, 'HS038', 'GDCD'),
(NULL, NULL, NULL, 'HS038', 'LISU'),
(NULL, NULL, NULL, 'HS038', 'DILY'),
(NULL, NULL, NULL, 'HS038', 'GDQP'),
(NULL, NULL, NULL, 'HS038', 'TDUC'),
(NULL, NULL, NULL, 'HS039', 'TOAN'),
(NULL, NULL, NULL, 'HS039', 'NVAN'),
(NULL, NULL, NULL, 'HS039', 'AVAN'),
(NULL, NULL, NULL, 'HS039', 'VALY'),
(NULL, NULL, NULL, 'HS039', 'HOAH'),
(NULL, NULL, NULL, 'HS039', 'SINH'),
(NULL, NULL, NULL, 'HS039', 'GDCD'),
(NULL, NULL, NULL, 'HS039', 'LISU'),
(NULL, NULL, NULL, 'HS039', 'DILY'),
(NULL, NULL, NULL, 'HS039', 'GDQP'),
(NULL, NULL, NULL, 'HS039', 'TDUC'),
(NULL, NULL, NULL, 'HS040', 'TOAN'),
(NULL, NULL, NULL, 'HS040', 'NVAN'),
(NULL, NULL, NULL, 'HS040', 'AVAN'),
(NULL, NULL, NULL, 'HS040', 'VALY'),
(NULL, NULL, NULL, 'HS040', 'HOAH'),
(NULL, NULL, NULL, 'HS040', 'SINH'),
(NULL, NULL, NULL, 'HS040', 'GDCD'),
(NULL, NULL, NULL, 'HS040', 'LISU'),
(NULL, NULL, NULL, 'HS040', 'DILY'),
(NULL, NULL, NULL, 'HS040', 'GDQP'),
(NULL, NULL, NULL, 'HS040', 'TDUC'),
(NULL, NULL, NULL, 'HS041', 'TOAN'),
(NULL, NULL, NULL, 'HS041', 'NVAN'),
(NULL, NULL, NULL, 'HS041', 'AVAN'),
(NULL, NULL, NULL, 'HS041', 'VALY'),
(NULL, NULL, NULL, 'HS041', 'HOAH'),
(NULL, NULL, NULL, 'HS041', 'SINH'),
(NULL, NULL, NULL, 'HS041', 'GDCD'),
(NULL, NULL, NULL, 'HS041', 'LISU'),
(NULL, NULL, NULL, 'HS041', 'DILY'),
(NULL, NULL, NULL, 'HS041', 'GDQP'),
(NULL, NULL, NULL, 'HS041', 'TDUC'),
(NULL, NULL, NULL, 'HS042', 'TOAN'),
(NULL, NULL, NULL, 'HS042', 'NVAN'),
(NULL, NULL, NULL, 'HS042', 'AVAN'),
(NULL, NULL, NULL, 'HS042', 'VALY'),
(NULL, NULL, NULL, 'HS042', 'HOAH'),
(NULL, NULL, NULL, 'HS042', 'SINH'),
(NULL, NULL, NULL, 'HS042', 'GDCD'),
(NULL, NULL, NULL, 'HS042', 'LISU'),
(NULL, NULL, NULL, 'HS042', 'DILY'),
(NULL, NULL, NULL, 'HS042', 'GDQP'),
(NULL, NULL, NULL, 'HS042', 'TDUC'),
(NULL, NULL, NULL, 'HS043', 'TOAN'),
(NULL, NULL, NULL, 'HS043', 'NVAN'),
(NULL, NULL, NULL, 'HS043', 'AVAN'),
(NULL, NULL, NULL, 'HS043', 'VALY'),
(NULL, NULL, NULL, 'HS043', 'HOAH'),
(NULL, NULL, NULL, 'HS043', 'SINH'),
(NULL, NULL, NULL, 'HS043', 'GDCD'),
(NULL, NULL, NULL, 'HS043', 'LISU'),
(NULL, NULL, NULL, 'HS043', 'DILY'),
(NULL, NULL, NULL, 'HS043', 'GDQP'),
(NULL, NULL, NULL, 'HS043', 'TDUC'),
(NULL, NULL, NULL, 'HS044', 'TOAN'),
(NULL, NULL, NULL, 'HS044', 'NVAN'),
(NULL, NULL, NULL, 'HS044', 'AVAN'),
(NULL, NULL, NULL, 'HS044', 'VALY'),
(NULL, NULL, NULL, 'HS044', 'HOAH'),
(NULL, NULL, NULL, 'HS044', 'SINH'),
(NULL, NULL, NULL, 'HS044', 'GDCD'),
(NULL, NULL, NULL, 'HS044', 'LISU'),
(NULL, NULL, NULL, 'HS044', 'DILY'),
(NULL, NULL, NULL, 'HS044', 'GDQP'),
(NULL, NULL, NULL, 'HS044', 'TDUC'),
(NULL, NULL, NULL, 'HS045', 'TOAN'),
(NULL, NULL, NULL, 'HS045', 'NVAN'),
(NULL, NULL, NULL, 'HS045', 'AVAN'),
(NULL, NULL, NULL, 'HS045', 'VALY'),
(NULL, NULL, NULL, 'HS045', 'HOAH'),
(NULL, NULL, NULL, 'HS045', 'SINH'),
(NULL, NULL, NULL, 'HS045', 'GDCD'),
(NULL, NULL, NULL, 'HS045', 'LISU'),
(NULL, NULL, NULL, 'HS045', 'DILY'),
(NULL, NULL, NULL, 'HS045', 'GDQP'),
(NULL, NULL, NULL, 'HS045', 'TDUC'),
(NULL, NULL, NULL, 'HS046', 'TOAN'),
(NULL, NULL, NULL, 'HS046', 'NVAN'),
(NULL, NULL, NULL, 'HS046', 'AVAN'),
(NULL, NULL, NULL, 'HS046', 'VALY'),
(NULL, NULL, NULL, 'HS046', 'HOAH'),
(NULL, NULL, NULL, 'HS046', 'SINH'),
(NULL, NULL, NULL, 'HS046', 'GDCD'),
(NULL, NULL, NULL, 'HS046', 'LISU'),
(NULL, NULL, NULL, 'HS046', 'DILY'),
(NULL, NULL, NULL, 'HS046', 'GDQP'),
(NULL, NULL, NULL, 'HS046', 'TDUC'),
(NULL, NULL, NULL, 'HS047', 'TOAN'),
(NULL, NULL, NULL, 'HS047', 'NVAN'),
(NULL, NULL, NULL, 'HS047', 'AVAN'),
(NULL, NULL, NULL, 'HS047', 'VALY'),
(NULL, NULL, NULL, 'HS047', 'HOAH'),
(NULL, NULL, NULL, 'HS047', 'SINH'),
(NULL, NULL, NULL, 'HS047', 'GDCD'),
(NULL, NULL, NULL, 'HS047', 'LISU'),
(NULL, NULL, NULL, 'HS047', 'DILY'),
(NULL, NULL, NULL, 'HS047', 'GDQP'),
(NULL, NULL, NULL, 'HS047', 'TDUC'),
(NULL, NULL, NULL, 'HS048', 'TOAN'),
(NULL, NULL, NULL, 'HS048', 'NVAN'),
(NULL, NULL, NULL, 'HS048', 'AVAN'),
(NULL, NULL, NULL, 'HS048', 'VALY'),
(NULL, NULL, NULL, 'HS048', 'HOAH'),
(NULL, NULL, NULL, 'HS048', 'SINH'),
(NULL, NULL, NULL, 'HS048', 'GDCD'),
(NULL, NULL, NULL, 'HS048', 'LISU'),
(NULL, NULL, NULL, 'HS048', 'DILY'),
(NULL, NULL, NULL, 'HS048', 'GDQP'),
(NULL, NULL, NULL, 'HS048', 'TDUC'),
(NULL, NULL, NULL, 'HS049', 'TOAN'),
(NULL, NULL, NULL, 'HS049', 'NVAN'),
(NULL, NULL, NULL, 'HS049', 'AVAN'),
(NULL, NULL, NULL, 'HS049', 'VALY'),
(NULL, NULL, NULL, 'HS049', 'HOAH'),
(NULL, NULL, NULL, 'HS049', 'SINH'),
(NULL, NULL, NULL, 'HS049', 'GDCD'),
(NULL, NULL, NULL, 'HS049', 'LISU'),
(NULL, NULL, NULL, 'HS049', 'DILY'),
(NULL, NULL, NULL, 'HS049', 'GDQP'),
(NULL, NULL, NULL, 'HS049', 'TDUC'),
(NULL, NULL, NULL, 'HS050', 'TOAN'),
(NULL, NULL, NULL, 'HS050', 'NVAN'),
(NULL, NULL, NULL, 'HS050', 'AVAN'),
(NULL, NULL, NULL, 'HS050', 'VALY'),
(NULL, NULL, NULL, 'HS050', 'HOAH'),
(NULL, NULL, NULL, 'HS050', 'SINH'),
(NULL, NULL, NULL, 'HS050', 'GDCD'),
(NULL, NULL, NULL, 'HS050', 'LISU'),
(NULL, NULL, NULL, 'HS050', 'DILY'),
(NULL, NULL, NULL, 'HS050', 'GDQP'),
(NULL, NULL, NULL, 'HS050', 'TDUC'),
(NULL, NULL, NULL, 'HS051', 'TOAN'),
(NULL, NULL, NULL, 'HS051', 'NVAN'),
(NULL, NULL, NULL, 'HS051', 'AVAN'),
(NULL, NULL, NULL, 'HS051', 'VALY'),
(NULL, NULL, NULL, 'HS051', 'HOAH'),
(NULL, NULL, NULL, 'HS051', 'SINH'),
(NULL, NULL, NULL, 'HS051', 'GDCD'),
(NULL, NULL, NULL, 'HS051', 'LISU'),
(NULL, NULL, NULL, 'HS051', 'DILY'),
(NULL, NULL, NULL, 'HS051', 'GDQP'),
(NULL, NULL, NULL, 'HS051', 'TDUC'),
(NULL, NULL, NULL, 'HS052', 'TOAN'),
(NULL, NULL, NULL, 'HS052', 'NVAN'),
(NULL, NULL, NULL, 'HS052', 'AVAN'),
(NULL, NULL, NULL, 'HS052', 'VALY'),
(NULL, NULL, NULL, 'HS052', 'HOAH'),
(NULL, NULL, NULL, 'HS052', 'SINH'),
(NULL, NULL, NULL, 'HS052', 'GDCD'),
(NULL, NULL, NULL, 'HS052', 'LISU'),
(NULL, NULL, NULL, 'HS052', 'DILY'),
(NULL, NULL, NULL, 'HS052', 'GDQP'),
(NULL, NULL, NULL, 'HS052', 'TDUC'),
(NULL, NULL, NULL, 'HS053', 'TOAN'),
(NULL, NULL, NULL, 'HS053', 'NVAN'),
(NULL, NULL, NULL, 'HS053', 'AVAN'),
(NULL, NULL, NULL, 'HS053', 'VALY'),
(NULL, NULL, NULL, 'HS053', 'HOAH'),
(NULL, NULL, NULL, 'HS053', 'SINH'),
(NULL, NULL, NULL, 'HS053', 'GDCD'),
(NULL, NULL, NULL, 'HS053', 'LISU'),
(NULL, NULL, NULL, 'HS053', 'DILY'),
(NULL, NULL, NULL, 'HS053', 'GDQP'),
(NULL, NULL, NULL, 'HS053', 'TDUC'),
(NULL, NULL, NULL, 'HS054', 'TOAN'),
(NULL, NULL, NULL, 'HS054', 'NVAN'),
(NULL, NULL, NULL, 'HS054', 'AVAN'),
(NULL, NULL, NULL, 'HS054', 'VALY'),
(NULL, NULL, NULL, 'HS054', 'HOAH'),
(NULL, NULL, NULL, 'HS054', 'SINH'),
(NULL, NULL, NULL, 'HS054', 'GDCD'),
(NULL, NULL, NULL, 'HS054', 'LISU'),
(NULL, NULL, NULL, 'HS054', 'DILY'),
(NULL, NULL, NULL, 'HS054', 'GDQP'),
(NULL, NULL, NULL, 'HS054', 'TDUC'),
(NULL, NULL, NULL, 'HS055', 'TOAN'),
(NULL, NULL, NULL, 'HS055', 'NVAN'),
(NULL, NULL, NULL, 'HS055', 'AVAN'),
(NULL, NULL, NULL, 'HS055', 'VALY'),
(NULL, NULL, NULL, 'HS055', 'HOAH'),
(NULL, NULL, NULL, 'HS055', 'SINH'),
(NULL, NULL, NULL, 'HS055', 'GDCD'),
(NULL, NULL, NULL, 'HS055', 'LISU'),
(NULL, NULL, NULL, 'HS055', 'DILY'),
(NULL, NULL, NULL, 'HS055', 'GDQP'),
(NULL, NULL, NULL, 'HS055', 'TDUC'),
(NULL, NULL, NULL, 'HS056', 'TOAN'),
(NULL, NULL, NULL, 'HS056', 'NVAN'),
(NULL, NULL, NULL, 'HS056', 'AVAN'),
(NULL, NULL, NULL, 'HS056', 'VALY'),
(NULL, NULL, NULL, 'HS056', 'HOAH'),
(NULL, NULL, NULL, 'HS056', 'SINH'),
(NULL, NULL, NULL, 'HS056', 'GDCD'),
(NULL, NULL, NULL, 'HS056', 'LISU'),
(NULL, NULL, NULL, 'HS056', 'DILY'),
(NULL, NULL, NULL, 'HS056', 'GDQP'),
(NULL, NULL, NULL, 'HS056', 'TDUC'),
(NULL, NULL, NULL, 'HS057', 'TOAN'),
(NULL, NULL, NULL, 'HS057', 'NVAN'),
(NULL, NULL, NULL, 'HS057', 'AVAN'),
(NULL, NULL, NULL, 'HS057', 'VALY'),
(NULL, NULL, NULL, 'HS057', 'HOAH'),
(NULL, NULL, NULL, 'HS057', 'SINH'),
(NULL, NULL, NULL, 'HS057', 'GDCD'),
(NULL, NULL, NULL, 'HS057', 'LISU'),
(NULL, NULL, NULL, 'HS057', 'DILY'),
(NULL, NULL, NULL, 'HS057', 'GDQP'),
(NULL, NULL, NULL, 'HS057', 'TDUC'),
(NULL, NULL, NULL, 'HS058', 'TOAN'),
(NULL, NULL, NULL, 'HS058', 'NVAN'),
(NULL, NULL, NULL, 'HS058', 'AVAN'),
(NULL, NULL, NULL, 'HS058', 'VALY'),
(NULL, NULL, NULL, 'HS058', 'HOAH'),
(NULL, NULL, NULL, 'HS058', 'SINH'),
(NULL, NULL, NULL, 'HS058', 'GDCD'),
(NULL, NULL, NULL, 'HS058', 'LISU'),
(NULL, NULL, NULL, 'HS058', 'DILY'),
(NULL, NULL, NULL, 'HS058', 'GDQP'),
(NULL, NULL, NULL, 'HS058', 'TDUC'),
(NULL, NULL, NULL, 'HS059', 'TOAN'),
(NULL, NULL, NULL, 'HS059', 'NVAN'),
(NULL, NULL, NULL, 'HS059', 'AVAN'),
(NULL, NULL, NULL, 'HS059', 'VALY'),
(NULL, NULL, NULL, 'HS059', 'HOAH'),
(NULL, NULL, NULL, 'HS059', 'SINH'),
(NULL, NULL, NULL, 'HS059', 'GDCD'),
(NULL, NULL, NULL, 'HS059', 'LISU'),
(NULL, NULL, NULL, 'HS059', 'DILY'),
(NULL, NULL, NULL, 'HS059', 'GDQP'),
(NULL, NULL, NULL, 'HS059', 'TDUC'),
(NULL, NULL, NULL, 'HS060', 'TOAN'),
(NULL, NULL, NULL, 'HS060', 'NVAN'),
(NULL, NULL, NULL, 'HS060', 'AVAN'),
(NULL, NULL, NULL, 'HS060', 'VALY'),
(NULL, NULL, NULL, 'HS060', 'HOAH'),
(NULL, NULL, NULL, 'HS060', 'SINH'),
(NULL, NULL, NULL, 'HS060', 'GDCD'),
(NULL, NULL, NULL, 'HS060', 'LISU'),
(NULL, NULL, NULL, 'HS060', 'DILY'),
(NULL, NULL, NULL, 'HS060', 'GDQP'),
(NULL, NULL, NULL, 'HS060', 'TDUC'),
(NULL, NULL, NULL, 'HS061', 'TOAN'),
(NULL, NULL, NULL, 'HS061', 'NVAN'),
(NULL, NULL, NULL, 'HS061', 'AVAN'),
(NULL, NULL, NULL, 'HS061', 'VALY'),
(NULL, NULL, NULL, 'HS061', 'HOAH'),
(NULL, NULL, NULL, 'HS061', 'SINH'),
(NULL, NULL, NULL, 'HS061', 'GDCD'),
(NULL, NULL, NULL, 'HS061', 'LISU'),
(NULL, NULL, NULL, 'HS061', 'DILY'),
(NULL, NULL, NULL, 'HS061', 'GDQP'),
(NULL, NULL, NULL, 'HS061', 'TDUC'),
(NULL, NULL, NULL, 'HS062', 'TOAN'),
(NULL, NULL, NULL, 'HS062', 'NVAN'),
(NULL, NULL, NULL, 'HS062', 'AVAN'),
(NULL, NULL, NULL, 'HS062', 'VALY'),
(NULL, NULL, NULL, 'HS062', 'HOAH'),
(NULL, NULL, NULL, 'HS062', 'SINH'),
(NULL, NULL, NULL, 'HS062', 'GDCD'),
(NULL, NULL, NULL, 'HS062', 'LISU'),
(NULL, NULL, NULL, 'HS062', 'DILY'),
(NULL, NULL, NULL, 'HS062', 'GDQP'),
(NULL, NULL, NULL, 'HS062', 'TDUC'),
(NULL, NULL, NULL, 'HS063', 'TOAN'),
(NULL, NULL, NULL, 'HS063', 'NVAN'),
(NULL, NULL, NULL, 'HS063', 'AVAN'),
(NULL, NULL, NULL, 'HS063', 'VALY'),
(NULL, NULL, NULL, 'HS063', 'HOAH'),
(NULL, NULL, NULL, 'HS063', 'SINH'),
(NULL, NULL, NULL, 'HS063', 'GDCD'),
(NULL, NULL, NULL, 'HS063', 'LISU'),
(NULL, NULL, NULL, 'HS063', 'DILY'),
(NULL, NULL, NULL, 'HS063', 'GDQP'),
(NULL, NULL, NULL, 'HS063', 'TDUC'),
(NULL, NULL, NULL, 'HS064', 'TOAN'),
(NULL, NULL, NULL, 'HS064', 'NVAN'),
(NULL, NULL, NULL, 'HS064', 'AVAN'),
(NULL, NULL, NULL, 'HS064', 'VALY'),
(NULL, NULL, NULL, 'HS064', 'HOAH'),
(NULL, NULL, NULL, 'HS064', 'SINH'),
(NULL, NULL, NULL, 'HS064', 'GDCD'),
(NULL, NULL, NULL, 'HS064', 'LISU'),
(NULL, NULL, NULL, 'HS064', 'DILY'),
(NULL, NULL, NULL, 'HS064', 'GDQP'),
(NULL, NULL, NULL, 'HS064', 'TDUC'),
(NULL, NULL, NULL, 'HS065', 'TOAN'),
(NULL, NULL, NULL, 'HS065', 'NVAN'),
(NULL, NULL, NULL, 'HS065', 'AVAN'),
(NULL, NULL, NULL, 'HS065', 'VALY'),
(NULL, NULL, NULL, 'HS065', 'HOAH'),
(NULL, NULL, NULL, 'HS065', 'SINH'),
(NULL, NULL, NULL, 'HS065', 'GDCD'),
(NULL, NULL, NULL, 'HS065', 'LISU'),
(NULL, NULL, NULL, 'HS065', 'DILY'),
(NULL, NULL, NULL, 'HS065', 'GDQP'),
(NULL, NULL, NULL, 'HS065', 'TDUC'),
(NULL, NULL, NULL, 'HS066', 'TOAN'),
(NULL, NULL, NULL, 'HS066', 'NVAN'),
(NULL, NULL, NULL, 'HS066', 'AVAN'),
(NULL, NULL, NULL, 'HS066', 'VALY'),
(NULL, NULL, NULL, 'HS066', 'HOAH'),
(NULL, NULL, NULL, 'HS066', 'SINH'),
(NULL, NULL, NULL, 'HS066', 'GDCD'),
(NULL, NULL, NULL, 'HS066', 'LISU'),
(NULL, NULL, NULL, 'HS066', 'DILY'),
(NULL, NULL, NULL, 'HS066', 'GDQP'),
(NULL, NULL, NULL, 'HS066', 'TDUC'),
(NULL, NULL, NULL, 'HS067', 'TOAN'),
(NULL, NULL, NULL, 'HS067', 'NVAN'),
(NULL, NULL, NULL, 'HS067', 'AVAN'),
(NULL, NULL, NULL, 'HS067', 'VALY'),
(NULL, NULL, NULL, 'HS067', 'HOAH'),
(NULL, NULL, NULL, 'HS067', 'SINH'),
(NULL, NULL, NULL, 'HS067', 'GDCD'),
(NULL, NULL, NULL, 'HS067', 'LISU'),
(NULL, NULL, NULL, 'HS067', 'DILY'),
(NULL, NULL, NULL, 'HS067', 'GDQP'),
(NULL, NULL, NULL, 'HS067', 'TDUC'),
(NULL, NULL, NULL, 'HS068', 'TOAN'),
(NULL, NULL, NULL, 'HS068', 'NVAN'),
(NULL, NULL, NULL, 'HS068', 'AVAN'),
(NULL, NULL, NULL, 'HS068', 'VALY'),
(NULL, NULL, NULL, 'HS068', 'HOAH'),
(NULL, NULL, NULL, 'HS068', 'SINH'),
(NULL, NULL, NULL, 'HS068', 'GDCD'),
(NULL, NULL, NULL, 'HS068', 'LISU'),
(NULL, NULL, NULL, 'HS068', 'DILY'),
(NULL, NULL, NULL, 'HS068', 'GDQP'),
(NULL, NULL, NULL, 'HS068', 'TDUC'),
(NULL, NULL, NULL, 'HS069', 'TOAN'),
(NULL, NULL, NULL, 'HS069', 'NVAN'),
(NULL, NULL, NULL, 'HS069', 'AVAN'),
(NULL, NULL, NULL, 'HS069', 'VALY'),
(NULL, NULL, NULL, 'HS069', 'HOAH'),
(NULL, NULL, NULL, 'HS069', 'SINH'),
(NULL, NULL, NULL, 'HS069', 'GDCD'),
(NULL, NULL, NULL, 'HS069', 'LISU'),
(NULL, NULL, NULL, 'HS069', 'DILY'),
(NULL, NULL, NULL, 'HS069', 'GDQP'),
(NULL, NULL, NULL, 'HS069', 'TDUC'),
(NULL, NULL, NULL, 'HS070', 'TOAN'),
(NULL, NULL, NULL, 'HS070', 'NVAN'),
(NULL, NULL, NULL, 'HS070', 'AVAN'),
(NULL, NULL, NULL, 'HS070', 'VALY'),
(NULL, NULL, NULL, 'HS070', 'HOAH'),
(NULL, NULL, NULL, 'HS070', 'SINH'),
(NULL, NULL, NULL, 'HS070', 'GDCD'),
(NULL, NULL, NULL, 'HS070', 'LISU'),
(NULL, NULL, NULL, 'HS070', 'DILY'),
(NULL, NULL, NULL, 'HS070', 'GDQP'),
(NULL, NULL, NULL, 'HS070', 'TDUC'),
(NULL, NULL, NULL, 'HS071', 'TOAN'),
(NULL, NULL, NULL, 'HS071', 'NVAN'),
(NULL, NULL, NULL, 'HS071', 'AVAN'),
(NULL, NULL, NULL, 'HS071', 'VALY'),
(NULL, NULL, NULL, 'HS071', 'HOAH'),
(NULL, NULL, NULL, 'HS071', 'SINH'),
(NULL, NULL, NULL, 'HS071', 'GDCD'),
(NULL, NULL, NULL, 'HS071', 'LISU'),
(NULL, NULL, NULL, 'HS071', 'DILY'),
(NULL, NULL, NULL, 'HS071', 'GDQP'),
(NULL, NULL, NULL, 'HS071', 'TDUC'),
(NULL, NULL, NULL, 'HS072', 'TOAN'),
(NULL, NULL, NULL, 'HS072', 'NVAN'),
(NULL, NULL, NULL, 'HS072', 'AVAN'),
(NULL, NULL, NULL, 'HS072', 'VALY'),
(NULL, NULL, NULL, 'HS072', 'HOAH'),
(NULL, NULL, NULL, 'HS072', 'SINH'),
(NULL, NULL, NULL, 'HS072', 'GDCD'),
(NULL, NULL, NULL, 'HS072', 'LISU'),
(NULL, NULL, NULL, 'HS072', 'DILY'),
(NULL, NULL, NULL, 'HS072', 'GDQP'),
(NULL, NULL, NULL, 'HS072', 'TDUC'),
(NULL, NULL, NULL, 'HS073', 'TOAN'),
(NULL, NULL, NULL, 'HS073', 'NVAN'),
(NULL, NULL, NULL, 'HS073', 'AVAN'),
(NULL, NULL, NULL, 'HS073', 'VALY'),
(NULL, NULL, NULL, 'HS073', 'HOAH'),
(NULL, NULL, NULL, 'HS073', 'SINH'),
(NULL, NULL, NULL, 'HS073', 'GDCD'),
(NULL, NULL, NULL, 'HS073', 'LISU'),
(NULL, NULL, NULL, 'HS073', 'DILY'),
(NULL, NULL, NULL, 'HS073', 'GDQP'),
(NULL, NULL, NULL, 'HS073', 'TDUC'),
(NULL, NULL, NULL, 'HS074', 'TOAN'),
(NULL, NULL, NULL, 'HS074', 'NVAN'),
(NULL, NULL, NULL, 'HS074', 'AVAN'),
(NULL, NULL, NULL, 'HS074', 'VALY'),
(NULL, NULL, NULL, 'HS074', 'HOAH'),
(NULL, NULL, NULL, 'HS074', 'SINH'),
(NULL, NULL, NULL, 'HS074', 'GDCD'),
(NULL, NULL, NULL, 'HS074', 'LISU'),
(NULL, NULL, NULL, 'HS074', 'DILY'),
(NULL, NULL, NULL, 'HS074', 'GDQP'),
(NULL, NULL, NULL, 'HS074', 'TDUC'),
(NULL, NULL, NULL, 'HS075', 'TOAN'),
(NULL, NULL, NULL, 'HS075', 'NVAN'),
(NULL, NULL, NULL, 'HS075', 'AVAN'),
(NULL, NULL, NULL, 'HS075', 'VALY'),
(NULL, NULL, NULL, 'HS075', 'HOAH'),
(NULL, NULL, NULL, 'HS075', 'SINH'),
(NULL, NULL, NULL, 'HS075', 'GDCD'),
(NULL, NULL, NULL, 'HS075', 'LISU'),
(NULL, NULL, NULL, 'HS075', 'DILY'),
(NULL, NULL, NULL, 'HS075', 'GDQP'),
(NULL, NULL, NULL, 'HS075', 'TDUC'),
(NULL, NULL, NULL, 'HS076', 'TOAN'),
(NULL, NULL, NULL, 'HS076', 'NVAN'),
(NULL, NULL, NULL, 'HS076', 'AVAN'),
(NULL, NULL, NULL, 'HS076', 'VALY'),
(NULL, NULL, NULL, 'HS076', 'HOAH'),
(NULL, NULL, NULL, 'HS076', 'SINH'),
(NULL, NULL, NULL, 'HS076', 'GDCD'),
(NULL, NULL, NULL, 'HS076', 'LISU'),
(NULL, NULL, NULL, 'HS076', 'DILY'),
(NULL, NULL, NULL, 'HS076', 'GDQP'),
(NULL, NULL, NULL, 'HS076', 'TDUC'),
(NULL, NULL, NULL, 'HS077', 'TOAN'),
(NULL, NULL, NULL, 'HS077', 'NVAN'),
(NULL, NULL, NULL, 'HS077', 'AVAN'),
(NULL, NULL, NULL, 'HS077', 'VALY'),
(NULL, NULL, NULL, 'HS077', 'HOAH'),
(NULL, NULL, NULL, 'HS077', 'SINH'),
(NULL, NULL, NULL, 'HS077', 'GDCD'),
(NULL, NULL, NULL, 'HS077', 'LISU'),
(NULL, NULL, NULL, 'HS077', 'DILY'),
(NULL, NULL, NULL, 'HS077', 'GDQP'),
(NULL, NULL, NULL, 'HS077', 'TDUC'),
(NULL, NULL, NULL, 'HS078', 'TOAN'),
(NULL, NULL, NULL, 'HS078', 'NVAN'),
(NULL, NULL, NULL, 'HS078', 'AVAN'),
(NULL, NULL, NULL, 'HS078', 'VALY'),
(NULL, NULL, NULL, 'HS078', 'HOAH'),
(NULL, NULL, NULL, 'HS078', 'SINH'),
(NULL, NULL, NULL, 'HS078', 'GDCD'),
(NULL, NULL, NULL, 'HS078', 'LISU'),
(NULL, NULL, NULL, 'HS078', 'DILY'),
(NULL, NULL, NULL, 'HS078', 'GDQP'),
(NULL, NULL, NULL, 'HS078', 'TDUC'),
(NULL, NULL, NULL, 'HS079', 'TOAN'),
(NULL, NULL, NULL, 'HS079', 'NVAN'),
(NULL, NULL, NULL, 'HS079', 'AVAN'),
(NULL, NULL, NULL, 'HS079', 'VALY'),
(NULL, NULL, NULL, 'HS079', 'HOAH'),
(NULL, NULL, NULL, 'HS079', 'SINH'),
(NULL, NULL, NULL, 'HS079', 'GDCD'),
(NULL, NULL, NULL, 'HS079', 'LISU'),
(NULL, NULL, NULL, 'HS079', 'DILY'),
(NULL, NULL, NULL, 'HS079', 'GDQP'),
(NULL, NULL, NULL, 'HS079', 'TDUC'),
(NULL, NULL, NULL, 'HS080', 'TOAN'),
(NULL, NULL, NULL, 'HS080', 'NVAN'),
(NULL, NULL, NULL, 'HS080', 'AVAN'),
(NULL, NULL, NULL, 'HS080', 'VALY'),
(NULL, NULL, NULL, 'HS080', 'HOAH'),
(NULL, NULL, NULL, 'HS080', 'SINH'),
(NULL, NULL, NULL, 'HS080', 'GDCD'),
(NULL, NULL, NULL, 'HS080', 'LISU'),
(NULL, NULL, NULL, 'HS080', 'DILY'),
(NULL, NULL, NULL, 'HS080', 'GDQP'),
(NULL, NULL, NULL, 'HS080', 'TDUC');

-- --------------------------------------------------------

--
-- Table structure for table `giaovien`
--

CREATE TABLE `giaovien` (
  `MaGV` varchar(10) NOT NULL,
  `TenGV` varchar(50) NOT NULL,
  `SDTGV` varchar(10) NOT NULL,
  `EmailGV` varchar(50) NOT NULL
) ENGINE=InnoDB DEFAULT CHARSET=utf8mb4 COLLATE=utf8mb4_general_ci;

--
-- Dumping data for table `giaovien`
--

INSERT INTO `giaovien` (`MaGV`, `TenGV`, `SDTGV`, `EmailGV`) VALUES
('GV001', 'Nguyễn Thị Hương', '0912345678', 'ant@teacher.com'),
('GV002', 'Trần Văn Long', '0987654321', 'longtv@teacher.com'),
('GV003', 'Lê Thu Hà', '0901122334', 'halth@teacher.com'),
('GV004', 'Phạm Minh Tuấn', '0978563412', 'tuanpm@teacher.com'),
('GV005', 'Đỗ Thị Mai', '0932145678', 'maidt@teacher.com'),
('GV006', 'Võ Đức Anh', '0945612378', 'anhvd@teacher.com'),
('GV007', 'Bùi Ngọc Linh', '0923456789', 'linhbn@teacher.com'),
('GV008', 'Mai Thị Trang', '0967812345', 'trangmt@teacher.com'),
('GV009', 'Hoàng Minh Tuấn', '0912345670', 'tuanhm@teacher.com'),
('GV010', 'Ngọc Anh Nguyễn', '0987654329', 'nguyenan@teacher.com'),
('GV011', 'Lâm Văn Hòa', '0909876543', 'hoalv@teacher.com'),
('GV012', 'Nguyễn Thị Kim Ngân', '0956781234', 'ngankn@teacher.com'),
('GV013', 'Trần Đức Thịnh', '0945612378', 'thinhdt@teacher.com'),
('GV014', 'Lê Thị Thảo', '0932145678', 'thaolt@teacher.com'),
('GV015', 'Phan Văn Hải', '0923456789', 'haipv@teacher.com'),
('GV016', 'Đinh Thị Lan', '0967812345', 'landt@teacher.com'),
('GV017', 'Trương Minh Quân', '0912345670', 'quanmt@teacher.com'),
('GV018', 'Lý Thị Bích', '0987654329', 'bichlt@teacher.com'),
('GV019', 'Hồ Văn Nam', '0909876543', 'namhv@teacher.com'),
('GV020', 'Nguyễn Thị Oanh', '0956781234', 'oanhnt@teacher.com');

-- --------------------------------------------------------

--
-- Table structure for table `giaovienhocsinh`
--

CREATE TABLE `giaovienhocsinh` (
  `MaGV` varchar(10) DEFAULT NULL,
  `MaHS` varchar(10) DEFAULT NULL
) ENGINE=InnoDB DEFAULT CHARSET=utf8mb4 COLLATE=utf8mb4_general_ci;

-- --------------------------------------------------------

--
-- Table structure for table `hanhkiem`
--

CREATE TABLE `hanhkiem` (
  `MaHK` varchar(10) NOT NULL,
  `TenHK` varchar(50) NOT NULL
) ENGINE=InnoDB DEFAULT CHARSET=utf8mb4 COLLATE=utf8mb4_general_ci;

--
-- Dumping data for table `hanhkiem`
--

INSERT INTO `hanhkiem` (`MaHK`, `TenHK`) VALUES
('K', 'Khá'),
('T', 'Tốt'),
('TB', 'Trung bình'),
('Y', 'Yếu');

-- --------------------------------------------------------

--
-- Table structure for table `hocsinh`
--

CREATE TABLE `hocsinh` (
  `MaHS` varchar(10) NOT NULL,
  `TenHS` varchar(255) NOT NULL,
  `GioiTinh` varchar(10) NOT NULL,
  `NgaySinh` date NOT NULL,
  `DanToc` varchar(255) DEFAULT NULL,
  `TonGiao` varchar(255) DEFAULT NULL,
  `DiaChi` varchar(255) DEFAULT NULL,
  `MaLop` varchar(10) DEFAULT NULL
) ENGINE=InnoDB DEFAULT CHARSET=utf8mb4 COLLATE=utf8mb4_general_ci;

--
-- Dumping data for table `hocsinh`
--

INSERT INTO `hocsinh` (`MaHS`, `TenHS`, `GioiTinh`, `NgaySinh`, `DanToc`, `TonGiao`, `DiaChi`, `MaLop`) VALUES
('HS001', 'Phan Minh Quang', 'Nam', '2006-02-15', 'Kinh', 'Không', 'TPHCM', '12A'),
('HS002', 'Trịnh Thị Ngọc', 'Nữ', '2006-12-02', 'Kinh', 'Không', 'TPHCM', '12A'),
('HS003', 'Đặng Văn Thanh', 'Nam', '2006-07-20', 'Kinh', 'Không', 'TPHCM', '12A'),
('HS004', 'Vũ Thị Hương', 'Nữ', '2006-04-11', 'Kinh', 'Không', 'TPHCM', '12A'),
('HS005', 'Lý Văn Đức', 'Nam', '2006-11-30', 'Kinh', 'Không', 'TPHCM', '12A'),
('HS006', 'Nguyễn Vân Anh', 'Nữ', '2006-03-25', 'Kinh', 'Không', 'TPHCM', '12A'),
('HS007', 'Lê Thị Mai', 'Nữ', '2006-08-17', 'Kinh', 'Không', 'TPHCM', '12A'),
('HS008', 'Trương Minh Hiếu', 'Nam', '2006-11-06', 'Kinh', 'Không', 'TPHCM', '12A'),
('HS009', 'Ngô Thị Hà', 'Nữ', '2006-04-09', 'Kinh', 'Không', 'TPHCM', '12A'),
('HS010', 'Nguyễn Văn Sang', 'Nam', '2006-09-02', 'Kinh', 'Không', 'TPHCM', '12A'),
('HS011', 'Lê Thị Linh', 'Nữ', '2006-02-25', 'Kinh', 'Không', 'TPHCM', '12A'),
('HS012', 'Trần Văn Tuấn', 'Nam', '2006-04-10', 'Kinh', 'Không', 'TPHCM', '12A'),
('HS013', 'Phạm Minh Tuấn', 'Nam', '2006-06-15', 'Kinh', 'Không', 'TPHCM', '12A'),
('HS014', 'Nguyễn Thị Mai Anh', 'Nữ', '2006-08-20', 'Kinh', 'Không', 'TPHCM', '12A'),
('HS015', 'Võ Thị Hoa', 'Nữ', '2006-10-03', 'Kinh', 'Không', 'TPHCM', '12A'),
('HS016', 'Hoàng Văn Hải', 'Nam', '2006-01-12', 'Kinh', 'Không', 'TPHCM', '12A'),
('HS017', 'Lý Thị Thu', 'Nữ', '2006-03-08', 'Kinh', 'Không', 'TPHCM', '12A'),
('HS018', 'Nguyễn Văn Long', 'Nam', '2006-05-22', 'Kinh', 'Không', 'TPHCM', '12A'),
('HS019', 'Trần Thị Hương', 'Nữ', '2006-07-14', 'Kinh', 'Không', 'TPHCM', '12A'),
('HS020', 'Phan Văn Quốc', 'Nam', '2006-09-30', 'Kinh', 'Không', 'TPHCM', '12A'),
('HS021', 'Nguyễn Thị Phương', 'Nữ', '2006-11-18', 'Kinh', 'Không', 'TPHCM', '12B'),
('HS022', 'Trần Văn Nam', 'Nam', '2006-12-30', 'Kinh', 'Không', 'TPHCM', '12B'),
('HS023', 'Lê Thị Hồng', 'Nữ', '2006-09-05', 'Kinh', 'Không', 'TPHCM', '12B'),
('HS024', 'Phan Văn Quân', 'Nam', '2006-07-12', 'Kinh', 'Không', 'TPHCM', '12B'),
('HS025', 'Vũ Thị Loan', 'Nữ', '2006-02-28', 'Kinh', 'Không', 'TPHCM', '12B'),
('HS026', 'Đặng Văn Thắng', 'Nam', '2006-04-21', 'Kinh', 'Không', 'TPHCM', '12B'),
('HS027', 'Nguyễn Thị Lan', 'Nữ', '2006-08-14', 'Kinh', 'Không', 'TPHCM', '12B'),
('HS028', 'Hoàng Văn Khôi', 'Nam', '2006-05-03', 'Kinh', 'Không', 'TPHCM', '12B'),
('HS029', 'Mai Thị Thủy', 'Nữ', '2006-03-10', 'Kinh', 'Không', 'TPHCM', '12B'),
('HS030', 'Trần Minh Tuấn', 'Nam', '2006-01-25', 'Kinh', 'Không', 'TPHCM', '12B'),
('HS031', 'Lê Văn Hoa', 'Nam', '2006-10-15', 'Kinh', 'Không', 'TPHCM', '12B'),
('HS032', 'Nguyễn Thị Ngân', 'Nữ', '2006-12-05', 'Kinh', 'Không', 'TPHCM', '12B'),
('HS033', 'Phạm Văn Quang', 'Nam', '2006-06-20', 'Kinh', 'Không', 'TPHCM', '12B'),
('HS034', 'Võ Thị Kim', 'Nữ', '2006-04-02', 'Kinh', 'Không', 'TPHCM', '12B'),
('HS035', 'Trương Văn Tâm', 'Nam', '2006-02-15', 'Kinh', 'Không', 'TPHCM', '12B'),
('HS036', 'Bùi Thị Mai', 'Nữ', '2006-09-28', 'Kinh', 'Không', 'TPHCM', '12B'),
('HS037', 'Lý Văn Hùng', 'Nam', '2006-07-07', 'Kinh', 'Không', 'TPHCM', '12B'),
('HS038', 'Nguyễn Thị Thúy', 'Nữ', '2006-11-12', 'Kinh', 'Không', 'TPHCM', '12B'),
('HS039', 'Phan Văn Khải', 'Nam', '2006-05-24', 'Kinh', 'Không', 'TPHCM', '12B'),
('HS040', 'Đỗ Thị Hạnh', 'Nữ', '2006-03-16', 'Kinh', 'Không', 'TPHCM', '12B'),
('HS041', 'Trần Thị Hương', 'Nữ', '2007-08-02', 'Kinh', 'Không', 'TPHCM', '11A'),
('HS042', 'Lê Văn Định', 'Nam', '2007-10-17', 'Kinh', 'Không', 'TPHCM', '11A'),
('HS043', 'Nguyễn Thị Thanh', 'Nữ', '2007-12-23', 'Kinh', 'Không', 'TPHCM', '11A'),
('HS044', 'Hoàng Minh Tuấn', 'Nam', '2007-07-30', 'Kinh', 'Không', 'TPHCM', '11A'),
('HS045', 'Phạm Thị Hạnh', 'Nữ', '2007-04-14', 'Kinh', 'Không', 'TPHCM', '11A'),
('HS046', 'Vũ Văn Quang', 'Nam', '2007-01-05', 'Kinh', 'Không', 'TPHCM', '11A'),
('HS047', 'Ngô Thị Thùy', 'Nữ', '2007-03-19', 'Kinh', 'Không', 'TPHCM', '11A'),
('HS048', 'Lý Văn Khánh', 'Nam', '2007-05-27', 'Kinh', 'Không', 'TPHCM', '11A'),
('HS049', 'Trần Thị Hoa', 'Nữ', '2007-09-10', 'Kinh', 'Không', 'TPHCM', '11A'),
('HS050', 'Nguyễn Văn Quân', 'Nam', '2007-11-08', 'Kinh', 'Không', 'TPHCM', '11A'),
('HS051', 'Phan Thị Thảo', 'Nữ', '2007-02-14', 'Kinh', 'Không', 'TPHCM', '11B'),
('HS052', 'Võ Văn Hải', 'Nam', '2007-06-03', 'Kinh', 'Không', 'TPHCM', '11B'),
('HS053', 'Lê Thị Mai', 'Nữ', '2007-08-21', 'Kinh', 'Không', 'TPHCM', '11B'),
('HS054', 'Đặng Văn Tuấn', 'Nam', '2007-10-25', 'Kinh', 'Không', 'TPHCM', '11B'),
('HS055', 'Nguyễn Thị Phương', 'Nữ', '2007-12-07', 'Kinh', 'Không', 'TPHCM', '11B'),
('HS056', 'Trần Văn Duy', 'Nam', '2007-09-14', 'Kinh', 'Không', 'TPHCM', '11B'),
('HS057', 'Phạm Thị Thu', 'Nữ', '2007-07-26', 'Kinh', 'Không', 'TPHCM', '11B'),
('HS058', 'Nguyễn Văn An', 'Nam', '2007-03-01', 'Kinh', 'Không', 'TPHCM', '11B'),
('HS059', 'Vũ Thị Quỳnh', 'Nữ', '2007-05-18', 'Kinh', 'Không', 'TPHCM', '11B'),
('HS060', 'Trần Minh Hòa', 'Nam', '2007-01-30', 'Kinh', 'Không', 'TPHCM', '11B'),
('HS061', 'Nguyễn Văn Đức', 'Nam', '2007-04-22', 'Kinh', 'Không', 'TPHCM', '10A'),
('HS062', 'Lê Thị Diệu', 'Nữ', '2007-06-15', 'Kinh', 'Không', 'TPHCM', '10A'),
('HS063', 'Trương Văn Đạt', 'Nam', '2007-08-08', 'Kinh', 'Không', 'TPHCM', '10A'),
('HS064', 'Hoàng Thị Hương', 'Nữ', '2007-10-03', 'Kinh', 'Không', 'TPHCM', '10A'),
('HS065', 'Phan Văn Hải', 'Nam', '2007-12-19', 'Kinh', 'Không', 'TPHCM', '10A'),
('HS066', 'Lý Thị Ngọc', 'Nữ', '2007-02-25', 'Kinh', 'Không', 'TPHCM', '10A'),
('HS067', 'Võ Văn Hòa', 'Nam', '2007-04-10', 'Kinh', 'Không', 'TPHCM', '10A'),
('HS068', 'Đỗ Thị Ngân', 'Nữ', '2007-06-15', 'Kinh', 'Không', 'TPHCM', '10A'),
('HS069', 'Nguyễn Văn Khánh', 'Nam', '2007-08-20', 'Kinh', 'Không', 'TPHCM', '10A'),
('HS070', 'Mai Văn Tâm', 'Nam', '2007-10-12', 'Kinh', 'Không', 'TPHCM', '10A'),
('HS071', 'Lê Thị Thủy', 'Nữ', '2007-02-28', 'Kinh', 'Không', 'TPHCM', '10B'),
('HS072', 'Nguyễn Văn Quang', 'Nam', '2007-04-21', 'Kinh', 'Không', 'TPHCM', '10B'),
('HS073', 'Trần Thị Thu Hà', 'Nữ', '2007-08-14', 'Kinh', 'Không', 'TPHCM', '10B'),
('HS074', 'Lê Văn Hùng', 'Nam', '2007-10-05', 'Kinh', 'Không', 'TPHCM', '10B'),
('HS075', 'Vũ Thị Thúy', 'Nữ', '2007-12-30', 'Kinh', 'Không', 'TPHCM', '10B'),
('HS076', 'Phạm Thị Mai', 'Nữ', '2007-02-14', 'Kinh', 'Không', 'TPHCM', '10B'),
('HS077', 'Vũ Văn Thịnh', 'Nam', '2007-06-03', 'Kinh', 'Không', 'TPHCM', '10B'),
('HS078', 'Nguyễn Thị Thủy', 'Nữ', '2007-08-21', 'Kinh', 'Không', 'TPHCM', '10B'),
('HS079', 'Lê Văn Tuấn', 'Nam', '2007-10-25', 'Kinh', 'Không', 'TPHCM', '10B'),
('HS080', 'Trần Minh Thảo', 'Nữ', '2007-12-07', 'Kinh', 'Không', 'TPHCM', '10B');

-- --------------------------------------------------------

--
-- Table structure for table `hocsinhhanhkiem`
--

CREATE TABLE `hocsinhhanhkiem` (
  `MaHS` varchar(10) DEFAULT NULL,
  `MaHK` varchar(10) DEFAULT NULL
) ENGINE=InnoDB DEFAULT CHARSET=utf8mb4 COLLATE=utf8mb4_general_ci;

--
-- Dumping data for table `hocsinhhanhkiem`
--

INSERT INTO `hocsinhhanhkiem` (`MaHS`, `MaHK`) VALUES
('HS001', 'T'),
('HS002', 'T'),
('HS003', 'K'),
('HS004', 'T'),
('HS005', 'K'),
('HS006', 'T'),
('HS007', 'T'),
('HS008', 'K'),
('HS009', 'T'),
('HS010', 'K'),
('HS011', 'T'),
('HS012', 'T'),
('HS013', 'K'),
('HS014', 'T'),
('HS015', 'T'),
('HS016', 'T'),
('HS017', 'T'),
('HS018', 'K'),
('HS019', 'T'),
('HS020', 'K'),
('HS021', 'T'),
('HS022', 'K'),
('HS023', 'T'),
('HS024', 'K'),
('HS025', 'T'),
('HS026', 'K'),
('HS027', 'T'),
('HS028', 'K'),
('HS029', 'T'),
('HS030', 'K'),
('HS031', 'T'),
('HS032', 'K'),
('HS033', 'T'),
('HS034', 'K'),
('HS035', 'T'),
('HS036', 'K'),
('HS037', 'T'),
('HS038', 'K'),
('HS039', 'T'),
('HS040', 'K'),
('HS041', 'T'),
('HS042', 'K'),
('HS043', 'T'),
('HS044', 'K'),
('HS045', 'T'),
('HS046', 'K'),
('HS047', 'T'),
('HS048', 'K'),
('HS049', 'T'),
('HS050', 'K'),
('HS051', 'T'),
('HS052', 'K'),
('HS053', 'T'),
('HS054', 'K'),
('HS055', 'T'),
('HS056', 'K'),
('HS057', 'T'),
('HS058', 'K'),
('HS059', 'T'),
('HS060', 'K'),
('HS061', 'T'),
('HS062', 'K'),
('HS063', 'T'),
('HS064', 'K'),
('HS065', 'T'),
('HS066', 'K'),
('HS067', 'T'),
('HS068', 'K'),
('HS069', 'T'),
('HS070', 'K'),
('HS071', 'T'),
('HS072', 'K'),
('HS073', 'T'),
('HS074', 'K'),
('HS075', 'T'),
('HS076', 'K'),
('HS077', 'T'),
('HS078', 'K'),
('HS079', 'T'),
('HS080', 'K');

-- --------------------------------------------------------

--
-- Table structure for table `lophoc`
--

CREATE TABLE `lophoc` (
  `MaLop` varchar(10) NOT NULL,
  `TenLop` varchar(10) NOT NULL,
  `SiSoLop` int(11) DEFAULT NULL
) ENGINE=InnoDB DEFAULT CHARSET=utf8mb4 COLLATE=utf8mb4_general_ci;

--
-- Dumping data for table `lophoc`
--

INSERT INTO `lophoc` (`MaLop`, `TenLop`, `SiSoLop`) VALUES
('10A', '10A', 10),
('10B', '10B', 10),
('11A', '11A', 10),
('11B', '11B', 10),
('12A', '12A', 20),
('12B', '12B', 20);

-- --------------------------------------------------------

--
-- Table structure for table `lophocgiaovien`
--

CREATE TABLE `lophocgiaovien` (
  `MaLop` varchar(10) DEFAULT NULL,
  `MaGV` varchar(10) DEFAULT NULL
) ENGINE=InnoDB DEFAULT CHARSET=utf8mb4 COLLATE=utf8mb4_general_ci;

-- --------------------------------------------------------

--
-- Table structure for table `monhoc`
--

CREATE TABLE `monhoc` (
  `MaMH` varchar(10) NOT NULL,
  `TenMH` varchar(50) NOT NULL
) ENGINE=InnoDB DEFAULT CHARSET=utf8mb4 COLLATE=utf8mb4_general_ci;

--
-- Dumping data for table `monhoc`
--

INSERT INTO `monhoc` (`MaMH`, `TenMH`) VALUES
('AVAN', 'Anh văn'),
('DILY', 'Địa lý'),
('GDCD', 'Giáo dục công dân'),
('GDQP', 'Quốc phòng'),
('HOAH', 'Hóa học'),
('LISU', 'Lịch sử'),
('NVAN', 'Ngữ văn'),
('SINH', 'Sinh học'),
('TDUC', 'Thể dục'),
('TOAN', 'Toán'),
('VALY', 'Vật lý');

-- --------------------------------------------------------

--
-- Table structure for table `user`
--

CREATE TABLE `user` (
  `Id` int(11) NOT NULL,
  `Username` varchar(255) NOT NULL,
  `Password` varchar(255) NOT NULL,
  `Role` tinyint(4) NOT NULL
) ENGINE=InnoDB DEFAULT CHARSET=utf8mb4 COLLATE=utf8mb4_general_ci;

--
-- Dumping data for table `user`
--

INSERT INTO `user` (`Id`, `Username`, `Password`, `Role`) VALUES
(1, 'admin', '$2y$10$3fCjqAgxa.0CPYPsSTqR2ePOEIg/guB0OLR1Y2SwC2Jwa9JMQwliy', 0);

--
-- Indexes for dumped tables
--

--
-- Indexes for table `diem`
--
ALTER TABLE `diem`
  ADD KEY `MaHS` (`MaHS`),
  ADD KEY `MaMH` (`MaMH`);

--
-- Indexes for table `giaovien`
--
ALTER TABLE `giaovien`
  ADD PRIMARY KEY (`MaGV`);

--
-- Indexes for table `giaovienhocsinh`
--
ALTER TABLE `giaovienhocsinh`
  ADD KEY `MaGV` (`MaGV`),
  ADD KEY `MaHS` (`MaHS`);

--
-- Indexes for table `hanhkiem`
--
ALTER TABLE `hanhkiem`
  ADD PRIMARY KEY (`MaHK`);

--
-- Indexes for table `hocsinh`
--
ALTER TABLE `hocsinh`
  ADD PRIMARY KEY (`MaHS`),
  ADD KEY `MaLop` (`MaLop`);

--
-- Indexes for table `hocsinhhanhkiem`
--
ALTER TABLE `hocsinhhanhkiem`
  ADD KEY `MaHS` (`MaHS`),
  ADD KEY `MaHK` (`MaHK`);

--
-- Indexes for table `lophoc`
--
ALTER TABLE `lophoc`
  ADD PRIMARY KEY (`MaLop`);

--
-- Indexes for table `lophocgiaovien`
--
ALTER TABLE `lophocgiaovien`
  ADD KEY `MaLop` (`MaLop`),
  ADD KEY `MaGV` (`MaGV`);

--
-- Indexes for table `monhoc`
--
ALTER TABLE `monhoc`
  ADD PRIMARY KEY (`MaMH`);

--
-- Indexes for table `user`
--
ALTER TABLE `user`
  ADD PRIMARY KEY (`Id`);

--
-- AUTO_INCREMENT for dumped tables
--

--
-- AUTO_INCREMENT for table `user`
--
ALTER TABLE `user`
  MODIFY `Id` int(11) NOT NULL AUTO_INCREMENT, AUTO_INCREMENT=2;

--
-- Constraints for dumped tables
--

--
-- Constraints for table `diem`
--
ALTER TABLE `diem`
  ADD CONSTRAINT `diem_ibfk_1` FOREIGN KEY (`MaHS`) REFERENCES `hocsinh` (`MaHS`),
  ADD CONSTRAINT `diem_ibfk_2` FOREIGN KEY (`MaMH`) REFERENCES `monhoc` (`MaMH`);

--
-- Constraints for table `giaovienhocsinh`
--
ALTER TABLE `giaovienhocsinh`
  ADD CONSTRAINT `giaovienhocsinh_ibfk_1` FOREIGN KEY (`MaGV`) REFERENCES `giaovien` (`MaGV`),
  ADD CONSTRAINT `giaovienhocsinh_ibfk_2` FOREIGN KEY (`MaHS`) REFERENCES `hocsinh` (`MaHS`);

--
-- Constraints for table `hocsinh`
--
ALTER TABLE `hocsinh`
  ADD CONSTRAINT `hocsinh_ibfk_1` FOREIGN KEY (`MaLop`) REFERENCES `lophoc` (`MaLop`);

--
-- Constraints for table `hocsinhhanhkiem`
--
ALTER TABLE `hocsinhhanhkiem`
  ADD CONSTRAINT `hocsinhhanhkiem_ibfk_1` FOREIGN KEY (`MaHS`) REFERENCES `hocsinh` (`MaHS`),
  ADD CONSTRAINT `hocsinhhanhkiem_ibfk_2` FOREIGN KEY (`MaHK`) REFERENCES `hanhkiem` (`MaHK`);

--
-- Constraints for table `lophocgiaovien`
--
ALTER TABLE `lophocgiaovien`
  ADD CONSTRAINT `lophocgiaovien_ibfk_1` FOREIGN KEY (`MaLop`) REFERENCES `lophoc` (`MaLop`),
  ADD CONSTRAINT `lophocgiaovien_ibfk_2` FOREIGN KEY (`MaGV`) REFERENCES `giaovien` (`MaGV`);
COMMIT;

/*!40101 SET CHARACTER_SET_CLIENT=@OLD_CHARACTER_SET_CLIENT */;
/*!40101 SET CHARACTER_SET_RESULTS=@OLD_CHARACTER_SET_RESULTS */;
/*!40101 SET COLLATION_CONNECTION=@OLD_COLLATION_CONNECTION */;
